Topic Name,Topic Link
0,Art,https://medium.com/topic/art
1,Books,https://medium.com/topic/books
2,Comics,https://medium.com/topic/comics
3,Fiction,https://medium.com/topic/fiction
4,Film,https://medium.com/topic/film
5,Gaming,https://medium.com/topic/gaming
6,Humor,https://medium.com/topic/humor
7,Music,https://medium.com/topic/music
8,Nonfiction,https://medium.com/topic/nonfiction
9,Photography,https://medium.com/topic/photography
10,Podcasts,https://medium.com/topic/podcasts
11,Poetry,https://medium.com/topic/poetry
12,TV,https://medium.com/topic/tv
13,Visual Design,https://medium.com/topic/visual-design
14,Culture,https://medium.com/topic/culture
15,Food,https://medium.com/topic/food
16,Language,https://medium.com/topic/language
17,Makers,https://medium.com/topic/makers
18,Outdoors,https://medium.com/topic/outdoors
19,Pets,https://medium.com/topic/pets
20,Philosophy,https://medium.com/topic/philosophy
21,Sports,https://medium.com/topic/sports
22,Style,https://medium.com/topic/style
23,Travel,https://medium.com/topic/travel
24,True Crime,https://medium.com/topic/true-crime
25,Accessibility,https://medium.com/topic/accessibility
26,Disability,https://medium.com/topic/disability
27,Equality,https://medium.com/topic/equality
28,Feminism,https://medium.com/topic/feminism
29,LGBTQIA,https://medium.com/topic/lgbtqia
30,Race,https://medium.com/topic/race
31,Addiction,https://medium.com/topic/addiction
32,Coronavirus,https://medium.com/topic/coronavirus
33,Fitness,https://medium.com/topic/fitness
34,Health,https://medium.com/topic/health
35,Mental Health,https://medium.com/topic/mental-health
36,Business,https://medium.com/topic/business
37,Design,https://medium.com/topic/design
38,Economy,https://medium.com/topic/economy
39,Freelancing,https://medium.com/topic/freelancing
40,Leadership,https://medium.com/topic/leadership
41,Marketing,https://medium.com/topic/marketing
42,Media,https://medium.com/topic/media
43,Product Management,https://medium.com/topic/product-management
44,Remote Work,https://medium.com/topic/remote-work
45,Startups,https://medium.com/topic/startups
46,UX,https://medium.com/topic/ux
47,Venture Capital,https://medium.com/topic/venture-capital
48,Work,https://medium.com/topic/work
49,Creativity,https://medium.com/topic/creativity
50,Mindfulness,https://medium.com/topic/mindfulness
51,Money,https://medium.com/topic/money
52,Productivity,https://medium.com/topic/productivity
53,Writing,https://medium.com/topic/writing
54,Election 2020,https://medium.com/topic/election-2020
55,Gun Control,https://medium.com/topic/gun-control
56,Immigration,https://medium.com/topic/immigration
57,Justice,https://medium.com/topic/justice
58,Politics,https://medium.com/topic/politics
59,Android Dev,https://medium.com/topic/android-development
60,Data Science,https://medium.com/topic/data-science
61,iOS Dev,https://medium.com/topic/ios-development
62,Javascript,https://medium.com/topic/javascript
63,Machine Learning,https://medium.com/topic/machine-learning
64,Programming,https://medium.com/topic/programming
65,Software Engineering,https://medium.com/topic/software-engineering
66,Biotech,https://medium.com/topic/biotech
67,Climate Change,https://medium.com/topic/climate-change
68,Math,https://medium.com/topic/math
69,Neuroscience,https://medium.com/topic/neuroscience
70,Psychology,https://medium.com/topic/psychology
71,Science,https://medium.com/topic/science
72,Space,https://medium.com/topic/space
73,Astrology,https://medium.com/topic/astrology
74,Beauty,https://medium.com/topic/beauty
75,Family,https://medium.com/topic/family
76,Lifestyle,https://medium.com/topic/lifestyle
77,Parenting,https://medium.com/topic/parenting
78,Relationships,https://medium.com/topic/relationships
79,Self,https://medium.com/topic/self
80,Sexuality,https://medium.com/topic/sexuality
81,Spirituality,https://medium.com/topic/spirituality
82,Basic Income,https://medium.com/topic/basic-income
83,Cannabis,https://medium.com/topic/cannabis
84,Cities,https://medium.com/topic/cities
85,Education,https://medium.com/topic/education
86,History,https://medium.com/topic/history
87,Psychedelics,https://medium.com/topic/psychedelics
88,Religion,https://medium.com/topic/religion
89,San Francisco,https://medium.com/topic/san-francisco
90,Social Media,https://medium.com/topic/social-media
91,Society,https://medium.com/topic/society
92,Transportation,https://medium.com/topic/transportation
93,World,https://medium.com/topic/world
94,Artificial Intelligence,https://medium.com/topic/artificial-intelligence
95,Blockchain,https://medium.com/topic/blockchain
96,Cryptocurrency,https://medium.com/topic/cryptocurrency
97,Cybersecurity,https://medium.com/topic/cybersecurity
98,Digital Life,https://medium.com/topic/digital-life
99,Future,https://medium.com/topic/future
100,Gadgets,https://medium.com/topic/gadgets
101,Privacy,https://medium.com/topic/privacy
102,Self-Driving Cars,https://medium.com/topic/self-driving-cars
103,Technology,https://medium.com/topic/technology
